[
    {
        "version": "6.3.5",
        "list_screen": {
            "title": "🏢 Event - Venue Information",
            "type": "tribe_events",
            "id": "653b865090e99",
            "updated": 1698400765,
            "columns": {
                "title": {
                    "type": "title",
                    "label": "Title",
                    "width": "350",
                    "width_unit": "px",
                    "export": "on",
                    "sort": "on",
                    "edit": "on",
                    "bulk_edit": "on",
                    "search": "on",
                    "filter": "off",
                    "filter_label": "",
                    "name": "title"
                },
                "start-date": {
                    "type": "start-date",
                    "label": "Start Date",
                    "width": "135",
                    "width_unit": "px",
                    "filter": "off",
                    "filter_label": "",
                    "filter_format": "",
                    "export": "on",
                    "sort": "on",
                    "edit": "off",
                    "bulk_edit": "off",
                    "search": "on",
                    "name": "start-date"
                },
                "57384d48391688": {
                    "type": "column-ec-event_venue",
                    "label": "Venue",
                    "width": "230",
                    "width_unit": "px",
                    "post_property_display": "title",
                    "post_link_to": "edit_post",
                    "export": "on",
                    "sort": "on",
                    "edit": "on",
                    "bulk_edit": "on",
                    "search": "on",
                    "filter": "on",
                    "filter_label": "",
                    "name": "57384d48391688"
                },
                "1c57792ed1a9fc": {
                    "type": "column-ec-event_venue",
                    "label": "Address",
                    "width": "250",
                    "width_unit": "px",
                    "post_property_display": "address",
                    "post_link_to": "",
                    "export": "on",
                    "sort": "on",
                    "edit": "off",
                    "bulk_edit": "off",
                    "search": "off",
                    "filter": "off",
                    "filter_label": "",
                    "name": "1c57792ed1a9fc"
                },
                "1aec56e6408312": {
                    "type": "column-ec-event_venue",
                    "label": "ZIP",
                    "width": "",
                    "width_unit": "%",
                    "post_property_display": "zip",
                    "post_link_to": "",
                    "export": "on",
                    "sort": "on",
                    "edit": "off",
                    "bulk_edit": "off",
                    "search": "off",
                    "filter": "off",
                    "filter_label": "",
                    "name": "1aec56e6408312"
                },
                "60ae326c251eb8": {
                    "type": "column-ec-event_venue",
                    "label": "City",
                    "width": "200",
                    "width_unit": "px",
                    "post_property_display": "city",
                    "post_link_to": "",
                    "export": "on",
                    "sort": "on",
                    "edit": "off",
                    "bulk_edit": "off",
                    "search": "off",
                    "filter": "off",
                    "filter_label": "",
                    "name": "60ae326c251eb8"
                },
                "60ae326fd374bc": {
                    "type": "column-ec-event_venue",
                    "label": "Venue Website",
                    "width": "",
                    "width_unit": "%",
                    "post_property_display": "website",
                    "export": "on",
                    "sort": "off",
                    "edit": "off",
                    "bulk_edit": "off",
                    "search": "off",
                    "filter": "off",
                    "filter_label": "",
                    "name": "60ae326fd374bc"
                }
            },
            "settings": {
                "roles": [],
                "users": [],
                "sorting": "0",
                "sorting_order": "asc",
                "hide_inline_edit": "off",
                "hide_bulk_edit": "off",
                "hide_bulk_delete": "off",
                "hide_smart_filters": "off",
                "hide_segments": "off",
                "hide_export": "off",
                "hide_conditional_formatting": "off",
                "hide_new_inline": "off",
                "resize_columns": "off",
                "column_order": "off",
                "hide_filters": "off",
                "hide_filter_post_date": "on",
                "hide_submenu": "off",
                "hide_search": "off",
                "hide_bulk_actions": "off",
                "hide_row_actions": "off",
                "horizontal_scrolling": "on",
                "primary_column": "",
                "filter_segment": ""
            }
        }
    }
]