[
    {
        "version": "6.3.5",
        "list_screen": {
            "title": "🗓️ Events - Overview",
            "type": "tribe_events",
            "id": "653b83589d513",
            "updated": 1698400451,
            "columns": {
                "title": {
                    "type": "title",
                    "label": "Title",
                    "width": "400",
                    "width_unit": "px",
                    "export": "on",
                    "sort": "on",
                    "edit": "on",
                    "bulk_edit": "on",
                    "search": "on",
                    "filter": "off",
                    "filter_label": "",
                    "name": "title"
                },
                "59b7d458b00cc": {
                    "type": "column-ec-event_featured",
                    "label": "Featured",
                    "width": "115",
                    "width_unit": "px",
                    "export": "on",
                    "sort": "on",
                    "edit": "on",
                    "bulk_edit": "on",
                    "search": "on",
                    "filter": "on",
                    "filter_label": "",
                    "name": "59b7d458b00cc"
                },
                "54eab33ec0c49c": {
                    "type": "column-ec-event_display_date",
                    "label": "Start Date",
                    "width": "170",
                    "width_unit": "px",
                    "event_date": "_EventStartDate",
                    "date_format": "F j, Y",
                    "filter": "on",
                    "filter_label": "",
                    "filter_format": "range",
                    "export": "on",
                    "sort": "on",
                    "edit": "on",
                    "bulk_edit": "on",
                    "search": "on",
                    "name": "54eab33ec0c49c"
                },
                "347e9ac1a0c49c": {
                    "type": "column-ec-event_display_date",
                    "label": "End Date",
                    "width": "160",
                    "width_unit": "px",
                    "event_date": "_EventEndDate",
                    "date_format": "F j, Y",
                    "filter": "on",
                    "filter_label": "",
                    "filter_format": "range",
                    "export": "on",
                    "sort": "on",
                    "edit": "on",
                    "bulk_edit": "on",
                    "search": "on",
                    "name": "347e9ac1a0c49c"
                },
                "59b7d458b1341": {
                    "type": "column-ec-event_venue",
                    "label": "Venue",
                    "width": "270",
                    "width_unit": "px",
                    "post_property_display": "title",
                    "post_link_to": "edit_post",
                    "export": "on",
                    "sort": "on",
                    "edit": "on",
                    "bulk_edit": "on",
                    "search": "on",
                    "filter": "off",
                    "filter_label": "",
                    "name": "59b7d458b1341"
                },
                "59b7d458b0595": {
                    "type": "column-ec-event_organizer",
                    "label": "Organizer",
                    "width": "400",
                    "width_unit": "px",
                    "organizer_display": "title",
                    "post_link_to": "edit_post",
                    "number_of_items": "10",
                    "export": "on",
                    "sort": "on",
                    "edit": "on",
                    "bulk_edit": "on",
                    "search": "on",
                    "filter": "off",
                    "filter_label": "",
                    "name": "59b7d458b0595"
                },
                "4e4b527e3d70a4": {
                    "type": "column-actions",
                    "label": "Actions",
                    "width": "225",
                    "width_unit": "px",
                    "use_icons": "1",
                    "name": "4e4b527e3d70a4"
                }
            },
            "settings": {
                "roles": [],
                "users": [],
                "sorting": "0",
                "sorting_order": "asc",
                "hide_inline_edit": "off",
                "hide_bulk_edit": "off",
                "hide_bulk_delete": "off",
                "hide_smart_filters": "off",
                "hide_segments": "off",
                "hide_export": "off",
                "hide_conditional_formatting": "off",
                "hide_new_inline": "on",
                "resize_columns": "off",
                "column_order": "off",
                "hide_filters": "off",
                "hide_filter_post_date": "on",
                "hide_submenu": "off",
                "hide_search": "off",
                "hide_bulk_actions": "off",
                "hide_row_actions": "off",
                "horizontal_scrolling": "on",
                "primary_column": "",
                "filter_segment": ""
            }
        }
    }
]