[
    {
        "version": "6.3.5",
        "list_screen": {
            "title": "🏢 Venues Information",
            "type": "tribe_venue",
            "id": "653b83589e63e",
            "updated": 1698405523,
            "columns": {
                "title": {
                    "type": "title",
                    "label": "Venue",
                    "width": "248",
                    "width_unit": "px",
                    "export": "on",
                    "sort": "on",
                    "edit": "on",
                    "bulk_edit": "on",
                    "search": "on",
                    "filter": "off",
                    "filter_label": "",
                    "name": "title"
                },
                "4cc12edab4bc6c": {
                    "type": "column-ec-venue_address",
                    "label": "Address",
                    "width": "234",
                    "width_unit": "px",
                    "export": "on",
                    "sort": "on",
                    "edit": "on",
                    "bulk_edit": "on",
                    "search": "on",
                    "filter": "on",
                    "filter_label": "",
                    "name": "4cc12edab4bc6c"
                },
                "24e7f554e7ef9e": {
                    "type": "column-ec-venue_postal_code",
                    "label": "Postal Code",
                    "width": "120",
                    "width_unit": "px",
                    "export": "on",
                    "sort": "on",
                    "edit": "on",
                    "bulk_edit": "on",
                    "search": "on",
                    "filter": "on",
                    "filter_label": "",
                    "name": "24e7f554e7ef9e"
                },
                "59c8e9cfb43fc": {
                    "type": "column-ec-venue_city",
                    "label": "City",
                    "width": "173",
                    "width_unit": "px",
                    "export": "on",
                    "sort": "on",
                    "edit": "on",
                    "bulk_edit": "on",
                    "search": "on",
                    "filter": "on",
                    "filter_label": "Cities",
                    "name": "59c8e9cfb43fc"
                },
                "59ca10124613a": {
                    "type": "column-ec-venue_phone",
                    "label": "Phone",
                    "width": "119",
                    "width_unit": "px",
                    "export": "on",
                    "sort": "on",
                    "edit": "on",
                    "bulk_edit": "on",
                    "search": "on",
                    "filter": "on",
                    "filter_label": "Phone Numbers",
                    "name": "59ca10124613a"
                },
                "59ca101246563": {
                    "type": "column-ec-venue_website",
                    "label": "Website",
                    "width": "271",
                    "width_unit": "px",
                    "export": "on",
                    "sort": "on",
                    "edit": "on",
                    "bulk_edit": "on",
                    "search": "on",
                    "filter": "off",
                    "filter_label": "Websites",
                    "name": "59ca101246563"
                },
                "59c8e9cfb3a94": {
                    "type": "column-ec-venue_events",
                    "label": "Total Events",
                    "width": "121",
                    "width_unit": "px",
                    "show_filter_link": "on",
                    "event_display": "all",
                    "export": "on",
                    "name": "59c8e9cfb3a94"
                },
                "59c8e9cfb2ed4": {
                    "type": "column-ec-venue_upcoming_event",
                    "label": "Upcoming Event",
                    "width": "256",
                    "width_unit": "px",
                    "post_link_to": "edit_post",
                    "show_event_date": "on",
                    "export": "on",
                    "search": "on",
                    "filter": "off",
                    "filter_label": "",
                    "name": "59c8e9cfb2ed4"
                }
            },
            "settings": {
                "roles": [],
                "users": [],
                "sorting": "0",
                "sorting_order": "asc",
                "hide_inline_edit": "off",
                "hide_bulk_edit": "off",
                "hide_bulk_delete": "off",
                "hide_smart_filters": "off",
                "hide_segments": "off",
                "hide_export": "off",
                "hide_conditional_formatting": "off",
                "hide_new_inline": "on",
                "resize_columns": "off",
                "column_order": "off",
                "hide_filters": "off",
                "hide_filter_post_date": "off",
                "hide_submenu": "off",
                "hide_search": "off",
                "hide_bulk_actions": "off",
                "hide_row_actions": "off",
                "horizontal_scrolling": "on",
                "primary_column": "",
                "filter_segment": ""
            }
        }
    }
]